peak_pos,onset,diastolic_notch
322,282.0,360.0
982,941.0,1016.0
1150,1109.0,1185.0
1318,1277.0,1357.0
1491,1449.0,1531.0
1662,1620.0,1700.0
1835,1793.0,1875.0
2002,1961.0,2040.0
2179,2135.0,2219.0
2352,2310.0,2391.0
2527,2484.0,2567.0
2699,2657.0,2738.0
2876,2833.0,2916.0
3046,3005.0,3085.0
3220,3178.0,3260.0
3387,3346.0,3426.0
3545,3506.0,3583.0
3703,3664.0,3742.0
3853,3816.0,3891.0
4008,3969.0,4045.0
4158,4120.0,4195.0
4307,4270.0,4344.0
4455,4418.0,4493.0
4613,4565.0,4636.0
4799,4729.0,4865.0
4904,5025.0,5097.0
5064,5025.0,5097.0
5217,5179.0,5249.0
5375,5336.0,5413.0
5537,5497.0,5575.0
5700,5660.0,5739.0
5867,5826.0,5905.0
6033,5992.0,6071.0
6199,6158.0,6237.0
6365,6324.0,6403.0
6531,6490.0,6569.0
6697,6656.0,6735.0
6863,6822.0,6901.0
7031,6990.0,7070.0
7197,7156.0,7236.0
7360,7320.0,7399.0
7533,7490.0,7572.0
7705,7663.0,7744.0
8043,8005.0,8182.0
10449,11255.0,11408.0
10606,11255.0,11408.0
10762,11255.0,11408.0
10914,11255.0,11408.0
11067,11255.0,11408.0
14566,14530.0,14613.0
14753,14912.0,15032.0
14883,14912.0,15032.0
16158,16064.0,16191.0
16314,16273.0,16351.0
16477,16437.0,16514.0
16640,16600.0,16674.0
16804,16764.0,16843.0
16967,16927.0,17005.0
17127,17087.0,17165.0
17287,17247.0,17325.0
17449,17409.0,17487.0
17608,17570.0,17645.0
17771,17806.0,18011.0
19516,19922.0,20054.0
19669,19922.0,20054.0
20433,20499.0,20603.0
23073,23185.0,23279.0
23220,23185.0,23279.0
23388,23340.0,23411.0
23709,23662.0,23749.0
23866,23982.0,24056.0
24027,23982.0,24056.0
24197,24147.0,24224.0
24358,24455.0,24557.0
24511,24455.0,24557.0
24676,24624.0,24707.0
24842,24811.0,24889.0
24995,24950.0,25043.0
25168,25128.0,25206.0
25328,25288.0,25365.0
25494,25453.0,25533.0
25656,25616.0,25694.0
25814,25775.0,25852.0
25981,25939.0,26019.0
26144,26104.0,26183.0
26311,26270.0,26349.0
26477,26436.0,26515.0
26643,26602.0,26681.0
26809,26768.0,26848.0
26972,26932.0,27011.0
27136,27096.0,27175.0
27300,27260.0,27339.0
27463,27423.0,27501.0
27623,27583.0,27661.0
27781,27742.0,27819.0
27941,27901.0,27979.0
28098,28059.0,28135.0
28258,28218.0,28296.0
28416,28377.0,28454.0
28574,28535.0,28612.0
28731,28692.0,28768.0
28891,28851.0,28929.0
29049,29010.0,29087.0
29211,29171.0,29322.0
29523,29653.0,29731.0
29693,29653.0,29731.0
29853,29813.0,29947.0
30183,30134.0,30208.0
30801,30892.0,31028.0
31119,31244.0,31296.0
31939,31863.0,31959.0
32115,32044.0,32133.0
32243,32196.0,32268.0
32555,32524.0,32659.0
32739,32808.0,32913.0
33830,33792.0,33862.0
33998,33958.0,34037.0
34151,34114.0,34189.0
34313,34272.0,34350.0
34475,34435.0,34513.0
34633,34594.0,34671.0
34793,34753.0,34831.0
34953,34913.0,34991.0
35107,35072.0,35235.0
35381,35333.0,35419.0
35756,35718.0,35790.0
35915,35874.0,35948.0
36072,36033.0,36106.0
36229,36190.0,36266.0
36387,36348.0,36426.0
36539,36501.0,36576.0
36695,36656.0,36733.0
36848,36810.0,36885.0
37002,36963.0,37039.0
37156,37117.0,37193.0
37309,37271.0,37346.0
37465,37426.0,37503.0
37617,37579.0,37654.0
37772,37733.0,37810.0
37930,37891.0,37968.0
38086,38047.0,38124.0
38242,38203.0,38279.0
38402,38362.0,38440.0
38561,38522.0,38599.0
38717,38678.0,38755.0
38875,38836.0,38957.0
39360,39315.0,39382.0
39512,39477.0,39531.0
39818,39779.0,39855.0
39977,39937.0,40015.0
40133,40094.0,40170.0
40293,40253.0,40331.0
40445,40408.0,40482.0
40606,40565.0,40659.0
40762,40721.0,40795.0
40916,40967.0,41044.0
41071,41200.0,41329.0
41388,41437.0,41535.0
41550,41690.0,41851.0
41914,41979.0,42074.0
42382,42386.0,42481.0
42691,42655.0,42763.0
42866,42828.0,42905.0
43330,43256.0,43374.0
43664,43784.0,43898.0
43840,43784.0,43898.0
43962,44080.0,44137.0
44112,44080.0,44137.0
44272,44233.0,44290.0
44425,44355.0,44480.0
44602,44703.0,44785.0
44919,44963.0,45033.0
45065,45214.0,45285.0
45231,45214.0,45285.0
45388,45348.0,45441.0
45530,45567.0,45641.0
45693,45811.0,45913.0
45864,45811.0,45913.0
46021,45967.0,46102.0
46150,46284.0,46345.0
46483,46433.0,46503.0
46614,46567.0,46651.0
46768,46725.0,46819.0
47079,47185.0,47284.0
47233,47185.0,47284.0
47566,47578.0,47737.0
48008,48107.0,48189.0
48467,48429.0,48504.0
48616,48578.0,48653.0
48764,48727.0,48802.0
48910,48873.0,48947.0
49060,49026.0,49089.0
49209,49170.0,49260.0
49360,49296.0,49401.0
49510,49472.0,49558.0
49661,49624.0,49685.0
49819,49780.0,49843.0
49969,49930.0,50016.0
50122,50079.0,50154.0
50594,50557.0,50663.0
50749,50714.0,50825.0
50909,50858.0,50946.0
51238,51182.0,51271.0
51397,51357.0,51435.0
51559,51519.0,51597.0
51721,51681.0,51759.0
51883,51843.0,51921.0
52043,52003.0,52084.0
52524,52489.0,52567.0
52697,52649.0,52729.0
52854,52814.0,52892.0
53016,52976.0,53054.0
53178,53138.0,53216.0
53340,53300.0,53378.0
53503,53463.0,53542.0
53666,53626.0,53704.0
53829,53789.0,53868.0
53992,53952.0,54030.0
54154,54114.0,54192.0
54314,54274.0,54352.0
54477,54436.0,54515.0
54635,54596.0,54673.0
54795,54755.0,54833.0
54953,54914.0,54991.0
55111,55072.0,55149.0
55268,55229.0,55305.0
55426,55387.0,55464.0
55583,55542.0,55620.0
57015,57051.0,57243.0
57322,57922.0,58082.0
57485,57922.0,58082.0
57643,57922.0,58082.0
57803,57922.0,58082.0
58112,58291.0,58460.0
59828,60112.0,60188.0
59990,60112.0,60188.0
60152,60112.0,60188.0
60312,60273.0,60347.0
60477,60436.0,60510.0
60637,60597.0,60675.0
60799,60759.0,60837.0
60957,60918.0,60995.0
61117,61077.0,61155.0
61277,61237.0,61315.0
61437,61398.0,61476.0
61600,61560.0,61638.0
61763,61723.0,61802.0
61927,61887.0,61966.0
62094,62053.0,62132.0
62260,62219.0,62298.0
62426,62385.0,62464.0
62592,62551.0,62630.0
62758,62717.0,62796.0
62926,62885.0,62965.0
63092,63051.0,63130.0
63258,63217.0,63296.0
63428,63386.0,63467.0
63596,63555.0,63635.0
63772,63729.0,63812.0
63941,63900.0,63980.0
64117,64074.0,64156.0
64289,64247.0,64328.0
64465,64422.0,64504.0
64638,64596.0,64678.0
64815,64772.0,64855.0
64989,64947.0,65029.0
65167,65124.0,65207.0
65341,65299.0,65381.0
65519,65476.0,65559.0
65695,65653.0,65735.0
65868,65826.0,65908.0
66042,66000.0,66082.0
66215,66173.0,66254.0
66385,66343.0,66424.0
66557,66515.0,66596.0
66727,66685.0,66766.0
66895,66854.0,66934.0
67063,67022.0,67102.0
67229,67188.0,67267.0
67395,67354.0,67433.0
67561,67520.0,67600.0
67723,67683.0,67761.0
67886,67846.0,67925.0
68049,68009.0,68087.0
68212,68172.0,68251.0
68375,68335.0,68413.0
68538,68498.0,68577.0
68702,68662.0,68741.0
68865,68825.0,68903.0
69033,68992.0,69072.0
69195,69155.0,69233.0
69355,69316.0,69394.0
69512,69473.0,69550.0
69668,69629.0,69706.0
69821,69783.0,69859.0
69979,69940.0,70017.0
70415,70306.0,70468.0
70926,70991.0,71112.0
71524,71476.0,71570.0
71692,71716.0,71844.0
72046,72146.0,72229.0
72668,72711.0,72807.0
72881,73034.0,73132.0
73020,73034.0,73132.0
73144,73224.0,73354.0
73478,73526.0,73620.0
74547,74745.0,74832.0
74963,74986.0,75106.0
75127,75254.0,75329.0
75295,75254.0,75329.0
75457,75417.0,75495.0
75625,75584.0,75664.0
75788,75748.0,75860.0
75973,75893.0,76023.0
76125,76090.0,76140.0
79563,79988.0,80075.0
79862,79988.0,80075.0
80037,79988.0,80075.0
80178,80243.0,80369.0
80507,80474.0,80565.0
80856,80800.0,80912.0
80995,81108.0,81192.0
81817,81920.0,82021.0
82140,82090.0,82179.0
82647,82606.0,82686.0
82813,82772.0,82852.0
82976,82936.0,83015.0
83140,83100.0,83179.0
83303,83263.0,83341.0
83465,83425.0,83503.0
83627,83587.0,83665.0
83787,83747.0,83825.0
83949,83909.0,83987.0
84109,84069.0,84147.0
84269,84229.0,84307.0
84428,84389.0,84561.0
84627,84680.0,84783.0
85395,85509.0,85582.0
85695,85726.0,85836.0
85876,85961.0,86053.0
86006,85961.0,86053.0
86213,86176.0,86238.0
86392,86297.0,86461.0
86663,86690.0,86813.0
86822,86859.0,86942.0
86983,87096.0,87176.0
87149,87096.0,87176.0
87292,87323.0,87434.0
87445,87572.0,87654.0
87779,87739.0,87817.0
87942,87902.0,87981.0
88106,88066.0,88145.0
88272,88231.0,88311.0
88435,88395.0,88474.0
88599,88559.0,88638.0
88764,88723.0,88882.0
88927,89001.0,89122.0
89249,89193.0,89290.0
89578,89534.0,89615.0
89902,89864.0,89941.0
90068,90030.0,90108.0
90723,90678.0,90759.0
90887,90844.0,90926.0
91046,91002.0,91083.0
91210,91169.0,91252.0
91377,91338.0,91415.0
91540,91500.0,91581.0
91705,91667.0,91740.0
91872,91832.0,91913.0
92207,92164.0,92248.0
92371,92335.0,92411.0
92539,92495.0,92580.0
92883,92837.0,92932.0
93047,93006.0,93086.0
93215,93174.0,93254.0
93378,93338.0,93417.0
93545,93504.0,93583.0
93711,93670.0,93750.0
93874,93834.0,93913.0
94038,93998.0,94132.0
94200,94165.0,94231.0
94354,94482.0,94560.0
94522,94482.0,94560.0
94860,94808.0,94920.0
95008,94973.0,95064.0
95352,95298.0,95386.0
95502,95458.0,95539.0
95843,95866.0,95977.0
96825,96956.0,97071.0
97008,96956.0,97071.0
97178,97123.0,97205.0
97338,97281.0,97357.0
98119,98083.0,98160.0
98278,98231.0,98344.0
98441,98456.0,98543.0
98780,98759.0,98868.0
99087,99227.0,99318.0
99569,99604.0,99706.0
99757,99761.0,99878.0
99932,100059.0,100122.0
100468,100430.0,100478.0
100934,100893.0,100971.0
101100,101125.0,101204.0
101602,101792.0,101869.0
102740,102770.0,102875.0
103075,103198.0,103360.0
103295,103198.0,103360.0
104152,104211.0,104340.0
104672,104699.0,104811.0
104926,104866.0,104947.0
105963,106024.0,106151.0
107267,107193.0,107295.0
107467,107385.0,107499.0
107886,107819.0,107945.0
109709,109875.0,110006.0
110022,110162.0,110245.0
110208,110162.0,110245.0
110367,110326.0,110401.0
110525,110487.0,110558.0
110687,110648.0,110728.0
111011,111047.0,111147.0
111153,111190.0,111297.0
111324,111513.0,111609.0
111491,111513.0,111609.0
111639,111746.0,111840.0
112003,111936.0,112025.0
112150,112170.0,112259.0
112315,112392.0,112514.0
112790,112813.0,112887.0
113657,113577.0,113694.0
114107,114136.0,114196.0
114803,114766.0,114852.0
114984,114942.0,115023.0
115152,115111.0,115191.0
115320,115279.0,115359.0
115486,115445.0,115524.0
115652,115611.0,115691.0
115815,115775.0,115854.0
115982,115941.0,116021.0
116145,116105.0,116183.0
116308,116268.0,116347.0
116472,116432.0,116511.0
116636,116596.0,116675.0
116799,116759.0,116837.0
116961,116921.0,116999.0
117121,117081.0,117159.0
117283,117243.0,117321.0
117443,117403.0,117481.0
117603,117564.0,117642.0
117766,117726.0,117804.0
117929,117889.0,117968.0
118096,118055.0,118134.0
118266,118224.0,118305.0
118434,118393.0,118473.0
118604,118562.0,118643.0
118770,118729.0,118808.0
119124,119078.0,119188.0
119280,119242.0,119374.0
119435,119561.0,119708.0
120141,120089.0,120175.0
120293,120409.0,120491.0
120454,120409.0,120491.0
121135,121061.0,121152.0
121310,121271.0,121386.0
121454,121602.0,121697.0
121800,121888.0,121987.0
121942,121888.0,121987.0
122282,122246.0,122312.0
122435,122569.0,122672.0
123033,123168.0,123310.0
123212,123168.0,123310.0
123369,123519.0,123624.0
123719,123670.0,123750.0
123861,124010.0,124111.0
124049,124010.0,124111.0
124368,124324.0,124405.0
124537,124495.0,124576.0
124709,124667.0,124748.0
124877,124836.0,124916.0
125050,125008.0,125090.0
125221,125179.0,125260.0
125393,125351.0,125432.0
125563,125522.0,125602.0
125737,125695.0,125788.0
126137,126041.0,126178.0
126250,126223.0,126327.0
126428,126373.0,126496.0
126579,126686.0,126784.0
126911,126869.0,126937.0
127080,127095.0,127180.0
127451,127522.0,127655.0
127773,127720.0,127833.0
128442,128603.0,128705.0
128823,128772.0,128841.0
128966,128976.0,129069.0
129140,129265.0,129417.0
129299,129265.0,129417.0
129484,129511.0,129620.0
129636,129654.0,129742.0
129827,129922.0,129987.0
129969,129922.0,129987.0
130148,130097.0,130185.0
130314,130273.0,130352.0
130482,130441.0,130521.0
130650,130609.0,130781.0
130821,130883.0,130955.0
132900,132917.0,132986.0
133053,133138.0,133262.0
133221,133353.0,133430.0
133962,133871.0,134041.0
134252,134308.0,134406.0
134807,135108.0,135215.0
134965,135108.0,135215.0
135492,135412.0,135527.0
135670,135625.0,135709.0
135847,135804.0,135887.0
136028,135984.0,136068.0
136205,136162.0,136244.0
136382,136339.0,136422.0
136559,136516.0,136598.0
136739,136695.0,136779.0
136922,136878.0,136962.0
137105,137061.0,137146.0
137282,137240.0,137322.0
137466,137422.0,137507.0
137646,137603.0,137686.0
137834,137788.0,137872.0
138007,137973.0,138083.0
138197,138158.0,138246.0
138571,138528.0,138615.0
139125,139081.0,139151.0
139481,139444.0,139536.0
139842,139793.0,139871.0
140024,139980.0,140076.0
140209,140162.0,140243.0
140383,140338.0,140423.0
140556,140514.0,140595.0
140740,140695.0,140780.0
140913,140871.0,140952.0
141275,141236.0,141318.0
143461,143483.0,143609.0
143655,143796.0,143899.0
146155,146122.0,146198.0
147005,146846.0,147046.0
148708,148841.0,148958.0
150441,150401.0,150466.0
150794,150752.0,150835.0
150975,150931.0,151015.0
151148,151106.0,151187.0
151320,151278.0,151359.0
151493,151451.0,151533.0
151662,151621.0,151701.0
151830,151789.0,151869.0
151993,151953.0,152032.0
152157,152117.0,152196.0
152320,152280.0,152358.0
152482,152442.0,152520.0
152642,152603.0,152681.0
152805,152765.0,152923.0
152961,153078.0,153157.0
153118,153078.0,153157.0
153607,153630.0,153716.0
154633,154575.0,154669.0
154789,154819.0,154929.0
157138,157359.0,157498.0
157672,157624.0,157751.0
158880,158842.0,158923.0
159055,159013.0,159094.0
159232,159188.0,159271.0
159405,159363.0,159445.0
159583,159540.0,159623.0
159760,159717.0,159799.0
159940,159896.0,159980.0
160113,160071.0,160152.0
160296,160251.0,160337.0
160470,160429.0,160510.0
160651,160607.0,160691.0
160831,160788.0,160871.0
161015,160971.0,161056.0
161196,161152.0,161236.0
161554,161714.0,161846.0
162625,162734.0,162837.0
162778,162734.0,162837.0
163010,163077.0,163189.0
163345,163298.0,163379.0
163517,163475.0,163553.0
163686,163645.0,163725.0
163854,163813.0,163893.0
164022,163981.0,164061.0
164360,164435.0,164562.0
165062,165019.0,165102.0
165235,165194.0,165275.0
165395,165356.0,165467.0
165566,165647.0,165720.0
165740,165799.0,165925.0
165933,166012.0,166075.0
166596,166557.0,166629.0
166758,166718.0,166796.0
166922,166881.0,166960.0
167090,167049.0,167129.0
167258,167217.0,167297.0
167428,167386.0,167467.0
167598,167556.0,167637.0
167770,167728.0,167809.0
167940,167899.0,167979.0
168113,168071.0,168152.0
168285,168243.0,168324.0
168455,168413.0,168494.0
168623,168582.0,168662.0
168789,168748.0,168827.0
168959,168917.0,168998.0
169125,169084.0,169163.0
169293,169252.0,169332.0
169459,169418.0,169497.0
169627,169586.0,169666.0
169790,169750.0,169829.0
169957,169916.0,169995.0
170123,170082.0,170161.0
170289,170248.0,170328.0
170452,170412.0,170491.0
170619,170578.0,170657.0
170787,170746.0,170826.0
170955,170914.0,170994.0
171123,171082.0,171162.0
171293,171251.0,171332.0
171465,171423.0,171504.0
171635,171593.0,171673.0
171808,171766.0,171848.0
171979,171937.0,172018.0
172152,172109.0,172191.0
172320,172279.0,172359.0
172496,172453.0,172536.0
172664,172623.0,172703.0
172837,172795.0,172877.0
173011,172969.0,173051.0
173180,173139.0,173219.0
173346,173305.0,173384.0
173516,173474.0,173555.0
173684,173643.0,173723.0
173852,173811.0,173891.0
174025,173982.0,174064.0
174195,174153.0,174233.0
174371,174328.0,174410.0
174544,174502.0,174584.0
174717,174675.0,174756.0
174889,174847.0,174928.0
175057,175016.0,175096.0
175225,175184.0,175264.0
175391,175350.0,175429.0
175557,175516.0,175595.0
175725,175684.0,175764.0
175888,175848.0,175927.0
176055,176014.0,176093.0
176389,176537.0,176657.0
176576,176537.0,176657.0
176708,176845.0,176925.0
177057,177016.0,177095.0
177225,177184.0,177264.0
177388,177348.0,177427.0
177555,177514.0,177593.0
177724,177683.0,177824.0
178057,178078.0,178151.0
178557,178614.0,178795.0
178894,179038.0,179115.0
179240,179215.0,179378.0
179439,179496.0,179563.0
179580,179701.0,179809.0
179933,180054.0,180164.0
180259,180220.0,180293.0
180431,180397.0,180565.0
180607,180870.0,180971.0
180774,180870.0,180971.0
181958,182000.0,182140.0
182809,182869.0,182996.0
183503,183435.0,183553.0
186508,186549.0,186673.0
187480,187350.0,187528.0
188224,188165.0,188266.0
189983,190107.0,190182.0
190148,190107.0,190182.0
190313,190272.0,190348.0
190479,190438.0,190514.0
190642,190602.0,190681.0
190805,190765.0,190843.0
190965,190925.0,191003.0
191125,191085.0,191163.0
191287,191247.0,191326.0
191597,191564.0,191650.0
192080,192199.0,192358.0
192285,192199.0,192358.0
192608,192532.0,192684.0
193031,193075.0,193149.0
193676,193708.0,193825.0
194011,194077.0,194271.0
194408,194306.0,194488.0
194514,194554.0,194662.0
194615,194554.0,194662.0
194845,194876.0,194973.0
195013,195137.0,195216.0
195178,195137.0,195216.0
195340,195300.0,195378.0
195502,195462.0,195540.0
195664,195624.0,195702.0
195824,195784.0,195862.0
195982,195943.0,196020.0
196139,196100.0,196176.0
196297,196258.0,196335.0
196453,196414.0,196491.0
196609,196570.0,196647.0
196766,196727.0,196804.0
196920,196881.0,196957.0
197076,197037.0,197124.0
197231,197177.0,197282.0
197390,197353.0,197446.0
197551,197508.0,197590.0
197707,197667.0,197739.0
197868,197824.0,197918.0
198029,197984.0,198057.0
198188,198149.0,198233.0
198348,198313.0,198390.0
198512,198473.0,198560.0
198676,198624.0,198708.0
198840,198798.0,198890.0
198999,198956.0,199042.0
199159,199120.0,199195.0
199324,199282.0,199359.0
199486,199446.0,199524.0
199648,199608.0,199686.0
199811,199771.0,199849.0
199973,199933.0,200011.0
200133,200093.0,200171.0
200291,200252.0,200329.0
200449,200410.0,200487.0
200606,200569.0,200741.0
201074,201190.0,201272.0
201708,201672.0,201748.0
201869,201829.0,201907.0
202028,201987.0,202147.0
202154,202312.0,202406.0
202545,202480.0,202570.0
202695,202644.0,202814.0
203195,203104.0,203232.0
203495,203511.0,203605.0
203666,203687.0,203788.0
203979,203910.0,204002.0
204859,204752.0,204965.0
205270,205219.0,205317.0
205722,205781.0,205858.0
206051,206011.0,206089.0
206213,206173.0,206251.0
206375,206335.0,206413.0
206538,206498.0,206577.0
206701,206661.0,206739.0
206864,206824.0,206903.0
207028,206988.0,207067.0
207192,207152.0,207231.0
207356,207316.0,207395.0
207520,207480.0,207558.0
207683,207643.0,207722.0
207847,207807.0,207886.0
208014,207973.0,208052.0
208180,208139.0,208218.0
208348,208307.0,208387.0
208514,208473.0,208552.0
208682,208641.0,208721.0
209013,209057.0,209128.0
210038,210091.0,210169.0
210196,210334.0,210427.0
210553,210684.0,210775.0
211093,211235.0,211323.0
211289,211235.0,211323.0
211805,211845.0,211930.0
211944,212067.0,212166.0
212278,212203.0,212321.0
212464,212422.0,212487.0
212646,212596.0,212665.0
212781,212907.0,212988.0
213119,213069.0,213152.0
213303,213272.0,213346.0
213621,213654.0,213772.0
214134,214171.0,214259.0
214298,214384.0,214491.0
214472,214564.0,214651.0
214808,214874.0,214961.0
214982,215113.0,215209.0
215179,215113.0,215209.0
215855,215815.0,215891.0
216023,215982.0,216061.0
216195,216153.0,216234.0
216365,216323.0,216404.0
216537,216495.0,216576.0
216711,216668.0,216750.0
216880,216843.0,216922.0
218581,218655.0,218777.0
218996,218866.0,219028.0
219099,219115.0,219215.0
219616,219668.0,219774.0
220320,220420.0,220468.0
220838,220796.0,220858.0
221168,221126.0,221202.0
221338,221296.0,221377.0
221508,221466.0,221547.0
221676,221635.0,221715.0
221844,221803.0,221883.0
222014,221972.0,222053.0
222180,222139.0,222218.0
222346,222305.0,222384.0
222514,222473.0,222553.0
222680,222639.0,222718.0
222849,222806.0,222893.0
223517,223634.0,223714.0
223677,223634.0,223714.0
223842,223801.0,223881.0
224005,223965.0,224044.0
224172,224131.0,224210.0
224338,224297.0,224376.0
224504,224463.0,224542.0
224670,224629.0,224707.0
224836,224848.0,224933.0
225352,225436.0,225572.0
225865,225934.0,226065.0
226191,226160.0,226222.0
226559,226515.0,226589.0
226893,226904.0,226967.0
227218,227323.0,227458.0
227919,227946.0,228048.0
228036,227946.0,228048.0
228427,228480.0,228674.0
228794,228867.0,229035.0
229167,229264.0,229403.0
229347,229264.0,229403.0
229812,229840.0,229958.0
230194,230127.0,230226.0
230513,230473.0,230556.0
232067,232026.0,232103.0
232236,232195.0,232271.0
232409,232367.0,232449.0
232580,232538.0,232619.0
232753,232710.0,232795.0
232919,232880.0,232965.0
233093,233052.0,233129.0
233263,233223.0,233308.0
233432,233395.0,233483.0
233606,233564.0,233644.0
233780,233736.0,233819.0
233952,233912.0,233995.0
234124,234082.0,234170.0
234297,234255.0,234358.0
234471,234431.0,234506.0
234639,234600.0,234683.0
234810,234769.0,234865.0
234981,234939.0,235020.0
235154,235111.0,235193.0
235326,235284.0,235365.0
235496,235454.0,235534.0
235669,235627.0,235709.0
235839,235800.0,235883.0
236021,235971.0,236065.0
236188,236147.0,236278.0
236359,236322.0,236448.0
236538,236498.0,236574.0
236711,236674.0,236771.0
236889,236851.0,236953.0
237059,237017.0,237149.0
237238,237202.0,237277.0
237416,237373.0,237451.0
237589,237547.0,237629.0
237763,237721.0,237803.0
237936,237894.0,237975.0
238106,238065.0,238145.0
238560,238787.0,238854.0
238810,238787.0,238854.0
239471,239429.0,239510.0
239641,239599.0,239680.0
239809,239768.0,239848.0
239977,239936.0,240016.0
240143,240102.0,240182.0
240306,240266.0,240345.0
240475,240434.0,240514.0
240641,240600.0,240679.0
240807,240766.0,240845.0
240973,240932.0,241012.0
241477,241413.0,241506.0
241652,241674.0,241758.0
241812,241934.0,242001.0
241980,241934.0,242001.0
242152,242290.0,242352.0
243203,243225.0,243332.0
243361,243464.0,243570.0
243698,243669.0,243754.0
244423,244439.0,244541.0
244583,244715.0,244797.0
244757,244715.0,244797.0
244934,244891.0,244973.0
245107,245065.0,245146.0
245280,245238.0,245320.0
245453,245411.0,245492.0
245629,245586.0,245668.0
245801,245759.0,245840.0
245974,245932.0,246014.0
246147,246105.0,246186.0
246317,246276.0,246356.0
246490,246448.0,246529.0
246660,246618.0,246699.0
246832,246790.0,246871.0
247004,246962.0,247043.0
247177,247135.0,247217.0
247350,247308.0,247389.0
247523,247480.0,247562.0
247699,247656.0,247739.0
247868,247827.0,247907.0
248046,248003.0,248086.0
248220,248178.0,248260.0
248397,248354.0,248437.0
248574,248531.0,248613.0
248750,248707.0,248789.0
248926,248883.0,248965.0
249103,249060.0,249143.0
249274,249233.0,249313.0
249452,249409.0,249492.0
249629,249586.0,249668.0
249802,249760.0,249842.0
249973,249931.0,250012.0
250145,250103.0,250184.0
250314,250273.0,250353.0
250484,250442.0,250523.0
250654,250612.0,250693.0
250822,250781.0,250950.0
250992,251250.0,251329.0
252037,251958.0,252090.0
252171,252221.0,252363.0
252988,253063.0,253244.0
253834,254126.0,254207.0
253998,254126.0,254207.0
254168,254126.0,254207.0
254334,254293.0,254368.0
254506,254464.0,254545.0
254676,254634.0,254715.0
254846,254804.0,254885.0
255016,254974.0,255055.0
255184,255143.0,255223.0
255352,255311.0,255391.0
255520,255479.0,255559.0
255688,255647.0,255727.0
255857,255816.0,255896.0
256022,255982.0,256061.0
256188,256147.0,256226.0
256354,256313.0,256392.0
256524,256482.0,256563.0
256693,256652.0,256732.0
256865,256823.0,256904.0
257035,256993.0,257073.0
257208,257166.0,257248.0
257381,257339.0,257420.0
257561,257517.0,257601.0
257731,257690.0,257770.0
257912,257867.0,257951.0
258089,258046.0,258129.0
258272,258228.0,258312.0
258444,258403.0,258484.0
258625,258580.0,258664.0
258807,258763.0,258847.0
258986,258943.0,259026.0
259166,259122.0,259206.0
259345,259302.0,259386.0
259525,259481.0,259565.0
259704,259661.0,259745.0
259878,259836.0,259918.0
260056,260013.0,260096.0
260232,260190.0,260271.0
260412,260368.0,260452.0
260588,260545.0,260627.0
260764,260721.0,260803.0
260936,260894.0,260975.0
261109,261066.0,261148.0
261281,261239.0,261320.0
261453,261411.0,261502.0
262012,261927.0,262053.0
262136,262270.0,262335.0
262313,262270.0,262335.0
262481,262435.0,262574.0
262646,262600.0,262716.0
262815,262773.0,262865.0
262963,262932.0,263012.0
263135,263058.0,263188.0
263309,263261.0,263339.0
263809,263827.0,263954.0
264000,264113.0,264301.0
264164,264113.0,264301.0
264341,264525.0,264672.0
264687,264783.0,264894.0
265017,264956.0,265045.0
265176,265279.0,265369.0
265339,265279.0,265369.0
265503,265469.0,265542.0
266016,265958.0,266073.0
266195,266152.0,266234.0
266365,266323.0,266399.0
266538,266496.0,266578.0
266711,266669.0,266750.0
266883,266841.0,266922.0
267049,267008.0,267087.0
267217,267176.0,267256.0
267389,267347.0,267428.0
267557,267516.0,267596.0
267720,267680.0,267759.0
267884,267844.0,267923.0
268047,268007.0,268085.0
268213,268172.0,268252.0
268375,268335.0,268413.0
268537,268497.0,268575.0
268699,268659.0,268737.0
268861,268821.0,268899.0
269021,268982.0,269060.0
269182,269142.0,269220.0
269342,269302.0,269380.0
269498,269459.0,269536.0
269656,269617.0,269694.0
269813,269774.0,269850.0
269971,269932.0,270009.0
270127,270088.0,270165.0
270285,270246.0,270323.0
270443,270404.0,270481.0
270602,270563.0,270640.0
270762,270722.0,270800.0
270922,270882.0,270960.0
271084,271044.0,271122.0
271246,271206.0,271284.0
271409,271369.0,271448.0
271576,271535.0,271614.0
271742,271701.0,271780.0
271910,271869.0,271949.0
272078,272037.0,272117.0
272250,272208.0,272289.0
272418,272377.0,272457.0
272590,272548.0,272629.0
272757,272718.0,272797.0
273113,273135.0,273236.0
273316,273374.0,273512.0
273645,273575.0,273698.0
273939,273992.0,274088.0
274111,274133.0,274239.0
274286,274397.0,274474.0
274615,274573.0,274654.0
274781,274740.0,274819.0
274949,274908.0,274988.0
275115,275074.0,275153.0
275285,275243.0,275324.0
275455,275413.0,275494.0
275625,275583.0,275664.0
275795,275753.0,275833.0
275967,275926.0,275997.0
276137,276182.0,276275.0
276810,276726.0,276835.0
278879,278841.0,278906.0
279037,278996.0,279076.0
279203,279162.0,279241.0
279371,279330.0,279410.0
279534,279494.0,279573.0
279701,279660.0,279740.0
279864,279824.0,279903.0
280028,279988.0,280067.0
280195,280154.0,280234.0
280358,280318.0,280397.0
280525,280484.0,280563.0
280691,280650.0,280729.0
280857,280816.0,280895.0
281025,280984.0,281064.0
281193,281152.0,281232.0
281365,281323.0,281404.0
281533,281492.0,281572.0
281705,281663.0,281744.0
281871,281830.0,281909.0
282043,282001.0,282082.0
282211,282170.0,282250.0
282383,282341.0,282422.0
282553,282511.0,282592.0
282723,282681.0,282762.0
282895,282853.0,282934.0
283064,283023.0,283103.0
283232,283191.0,283271.0
283404,283362.0,283440.0
283576,283529.0,283621.0
283744,283701.0,283774.0
283915,283868.0,283990.0
284081,284037.0,284141.0
284241,284197.0,284285.0
284414,284365.0,284458.0
284588,284538.0,284624.0
284746,284706.0,284794.0
284909,284870.0,284954.0
285078,285038.0,285111.0
285416,285367.0,285446.0
285577,285536.0,285631.0
285741,285701.0,285780.0
285908,285867.0,285946.0
286074,286033.0,286112.0
286242,286201.0,286281.0
286405,286365.0,286444.0
286569,286529.0,286608.0
286736,286695.0,286774.0
286902,286861.0,286940.0
287067,287027.0,287107.0
287417,287438.0,287539.0
287733,287789.0,287961.0
288103,288063.0,288147.0
288256,288331.0,288468.0
288390,288331.0,288468.0
288789,288799.0,288908.0
288949,289051.0,289151.0
289279,289195.0,289303.0
289484,289417.0,289496.0
289812,289765.0,289855.0
290188,290244.0,290357.0
290493,290545.0,290635.0
291387,291399.0,291516.0
291550,291690.0,291778.0
291903,291927.0,292042.0
292118,292214.0,292291.0
292255,292214.0,292291.0
292429,292387.0,292469.0
292602,292560.0,292641.0
292775,292732.0,292814.0
292947,292905.0,292986.0
293119,293077.0,293158.0
293291,293249.0,293330.0
293463,293421.0,293502.0
293635,293593.0,293674.0
293803,293762.0,293842.0
293973,293931.0,294012.0
294141,294100.0,294180.0
294309,294268.0,294348.0
294475,294434.0,294513.0
294643,294602.0,294682.0
294811,294770.0,294850.0
294977,294936.0,295015.0
295146,295104.0,295184.0
295826,295943.0,296067.0
296185,296124.0,296256.0
297382,297408.0,297501.0
297889,298013.0,298106.0
298388,298428.0,298554.0
298744,298701.0,298778.0
298912,298871.0,298947.0
299082,299040.0,299121.0
299250,299209.0,299289.0
299418,299377.0,299457.0
299588,299546.0,299627.0
299758,299716.0,299797.0
299928,299886.0,299967.0
300098,300056.0,300137.0
300270,300228.0,300309.0
300439,300398.0,300478.0
300609,300567.0,300648.0
300781,300739.0,300820.0
300947,300906.0,300985.0
301120,301078.0,301160.0
301289,301248.0,301328.0
301461,301419.0,301500.0
301629,301588.0,301668.0
301799,301757.0,301838.0
301971,301929.0,302010.0
302141,302099.0,302180.0
302309,302268.0,302348.0
302479,302437.0,302518.0
302654,302609.0,302694.0
302815,302775.0,302854.0
302981,302940.0,303042.0
303327,303282.0,303352.0
303495,303449.0,303566.0
303659,303619.0,303690.0
303826,303780.0,303861.0
304153,304087.0,304192.0
304321,304288.0,304369.0
304495,304452.0,304527.0
304656,304621.0,304698.0
304824,304783.0,304863.0
304987,304947.0,305026.0
305147,305108.0,305185.0
305311,305270.0,305349.0
305473,305433.0,305511.0
305636,305596.0,305675.0
305800,305760.0,305839.0
305963,305923.0,306001.0
306129,306088.0,306167.0
306295,306254.0,306333.0
306463,306422.0,306502.0
306629,306588.0,306667.0
306797,306756.0,306836.0
306965,306924.0,307004.0
307133,307092.0,307172.0
307301,307260.0,307340.0
307469,307428.0,307508.0
307637,307596.0,307676.0
307805,307764.0,307844.0
307971,307930.0,308009.0
308148,308104.0,308215.0
308300,308263.0,308358.0
308484,308432.0,308528.0
308641,308586.0,308677.0
308809,308768.0,308848.0
308975,308934.0,309013.0
309143,309102.0,309182.0
309306,309266.0,309345.0
309473,309432.0,309512.0
309636,309596.0,309675.0
309803,309762.0,309842.0
309966,309926.0,310005.0
310133,310092.0,310172.0
310296,310256.0,310335.0
310464,310425.0,310522.0
310662,310626.0,310720.0
310780,310884.0,310999.0
311114,311156.0,311227.0
311321,311269.0,311360.0
311655,311612.0,311680.0
311813,311772.0,311848.0
311986,311944.0,312025.0
312155,312114.0,312198.0
312311,312245.0,312365.0
312808,312766.0,312827.0
312973,312933.0,313006.0
313125,313087.0,313157.0
313281,313242.0,313319.0
313434,313396.0,313472.0
313586,313548.0,313624.0
313740,313701.0,313777.0
313897,313857.0,314011.0
315017,315254.0,315384.0
316212,316251.0,316360.0
316839,316864.0,316948.0
317048,317143.0,317211.0
317180,317143.0,317211.0
317536,317515.0,317608.0
317745,317831.0,317939.0
318044,318149.0,318263.0
318362,318502.0,318577.0
318704,318817.0,318950.0
319075,319038.0,319102.0
319667,319893.0,319962.0
319875,319893.0,319962.0
320370,320445.0,320603.0
321398,321353.0,321488.0
321599,321550.0,321648.0
321754,321713.0,321781.0
321902,321861.0,321951.0
322234,322191.0,322273.0
322404,322362.0,322442.0
322577,322535.0,322617.0
322746,322705.0,322785.0
322918,322876.0,322957.0
323086,323045.0,323125.0
323256,323214.0,323295.0
323424,323383.0,323463.0
323590,323549.0,323629.0
323753,323713.0,323792.0
323920,323879.0,323959.0
324082,324042.0,324120.0
324242,324202.0,324280.0
324406,324365.0,324444.0
324568,324528.0,324606.0
324731,324691.0,324770.0
324897,324856.0,324936.0
325060,325020.0,325099.0
325227,325186.0,325265.0
325914,325995.0,326094.0
326386,326522.0,326599.0
326564,326522.0,326599.0
326732,326691.0,326767.0
326900,326859.0,326939.0
327068,327027.0,327107.0
327238,327196.0,327277.0
327404,327363.0,327442.0
327570,327529.0,327609.0
327733,327693.0,327772.0
327897,327857.0,327935.0
328059,328019.0,328097.0
328225,328184.0,328264.0
328385,328345.0,328423.0
328549,328508.0,328587.0
328711,328671.0,328749.0
328873,328833.0,328911.0
329036,328996.0,329075.0
329200,329160.0,329239.0
329364,329324.0,329403.0
329527,329487.0,329565.0
329690,329650.0,329729.0
329851,329812.0,329890.0
330014,329974.0,330052.0
330174,330134.0,330212.0
330334,330294.0,330372.0
330490,330451.0,330527.0
330650,330610.0,330688.0
330813,330772.0,330851.0
330971,330932.0,331009.0
331131,331091.0,331169.0
331291,331251.0,331329.0
331451,331411.0,331489.0
331613,331573.0,331651.0
331775,331735.0,331813.0
331938,331898.0,331977.0
332098,332059.0,332136.0
332260,332220.0,332298.0
332418,332379.0,332456.0
332576,332537.0,332614.0
332732,332693.0,332770.0
332889,332850.0,332927.0
333045,333006.0,333083.0
333201,333162.0,333239.0
333354,333316.0,333391.0
333506,333468.0,333544.0
333660,333621.0,333697.0
333814,333775.0,333851.0
333969,333930.0,334007.0
334121,334083.0,334159.0
334273,334235.0,334311.0
334426,334388.0,334463.0
334578,334540.0,334616.0
334729,334691.0,334766.0
334879,334841.0,334916.0
335031,334993.0,335069.0
335180,335143.0,335218.0
335329,335291.0,335366.0
335477,335440.0,335514.0
335625,335588.0,335663.0
335774,335736.0,335811.0
335922,335885.0,335960.0
336068,336031.0,336105.0
336215,336178.0,336252.0
336364,336326.0,336401.0
336510,336473.0,336547.0
336659,336621.0,336696.0
336805,336768.0,336842.0
336954,336916.0,336991.0
337098,337062.0,337135.0
337247,337209.0,337284.0
337393,337356.0,337430.0
337542,337504.0,337579.0
337688,337651.0,337725.0
337837,337799.0,337874.0
337985,337947.0,338022.0
338131,338094.0,338168.0
338277,338240.0,338314.0
338426,338388.0,338463.0
338570,338534.0,338607.0
338717,338679.0,338754.0
338863,338826.0,338900.0
339008,338972.0,339046.0
339152,339115.0,339188.0
339298,339261.0,339334.0
339443,339406.0,339480.0
339590,339553.0,339627.0
339736,339699.0,339773.0
339885,339847.0,339922.0
340031,339994.0,340068.0
340180,340142.0,340217.0
340326,340289.0,340363.0
340475,340437.0,340512.0
340621,340584.0,340658.0
340768,340731.0,340805.0
340912,340875.0,340949.0
341057,341020.0,341094.0
341199,341163.0,341236.0
341345,341307.0,341382.0
341486,341450.0,341523.0
341629,341593.0,341666.0
341770,341734.0,341806.0
341912,341876.0,341949.0
342055,342019.0,342092.0
342191,342157.0,342227.0
342334,342297.0,342371.0
342473,342438.0,342510.0
342613,342577.0,342650.0
342750,342715.0,342795.0
342893,342975.0,343065.0
343019,342975.0,343065.0
343155,343250.0,343340.0
343446,343404.0,343510.0
343578,343543.0,343615.0
343715,343680.0,343752.0
343852,343817.0,343889.0
343986,343951.0,344022.0
344123,344087.0,344159.0
344259,344224.0,344360.0
344395,344764.0,344902.0
344529,344764.0,344902.0
344665,344764.0,344902.0
344800,344764.0,344902.0
344932,345077.0,345214.0
346693,348037.0,348102.0
346963,348037.0,348102.0
347100,348037.0,348102.0
347236,348037.0,348102.0
347375,348037.0,348102.0
347514,348037.0,348102.0
347654,348037.0,348102.0
347793,348037.0,348102.0
347934,348037.0,348102.0
348073,348037.0,348102.0
348213,348177.0,348250.0
348352,348317.0,348389.0
348491,348455.0,348527.0
348631,348595.0,348668.0
348768,348733.0,348804.0
348907,348871.0,348943.0
349047,349011.0,349084.0
349186,349151.0,349223.0
349325,349289.0,349361.0
349465,349429.0,349501.0
349609,349572.0,349646.0
349748,349713.0,349785.0
349889,349853.0,349926.0
350029,349993.0,350065.0
350172,350135.0,350209.0
350312,350278.0,350410.0
350734,350692.0,350770.0
351027,350979.0,351068.0
351160,351232.0,351372.0
351608,351547.0,351682.0
351759,351877.0,351965.0
351858,351877.0,351965.0
352008,352008.0,352114.0
352142,352368.0,352487.0
352587,352543.0,352672.0
353662,353630.0,353707.0
354083,354140.0,354233.0
355654,355598.0,355732.0
355889,355834.0,355912.0
356182,356141.0,356216.0
356320,356284.0,356350.0
356461,356425.0,356490.0
356602,356566.0,356639.0
356742,356706.0,356779.0
356881,356846.0,356918.0
357020,356985.0,357057.0
357162,357126.0,357199.0
357301,357266.0,357338.0
357440,357404.0,357476.0
357576,357541.0,357612.0
357715,357680.0,357752.0
357856,357819.0,357962.0
358000,358120.0,358258.0
358149,358120.0,358258.0
358290,358396.0,358507.0
358430,358396.0,358507.0
358707,358653.0,358776.0
358865,358884.0,358977.0
358995,359068.0,359226.0
359145,359068.0,359226.0
359283,359305.0,359395.0
359433,359494.0,359617.0
359707,359739.0,359869.0
360001,359935.0,360050.0
360128,360094.0,360172.0
360264,360304.0,360387.0
360419,360519.0,360660.0
360719,360766.0,360865.0
360843,360766.0,360865.0
360989,360952.0,361019.0
361427,361377.0,361478.0
361571,361534.0,361636.0
361702,361843.0,361953.0
361858,361843.0,361953.0
361992,362221.0,362298.0
362136,362221.0,362298.0
362263,362221.0,362298.0
362416,362441.0,362542.0
362581,362772.0,362891.0
362718,362772.0,362891.0
362850,362772.0,362891.0
363004,362968.0,363035.0
363150,363113.0,363181.0
363297,363260.0,363327.0
363441,363404.0,363477.0
363588,363550.0,363625.0
363732,363695.0,363768.0
363878,363841.0,363914.0
364023,363986.0,364060.0
364168,364132.0,364205.0
364313,364277.0,364351.0
364457,364420.0,364493.0
364604,364566.0,364641.0
364748,364711.0,364784.0
364894,364857.0,364931.0
365037,365000.0,365073.0
365183,365146.0,365220.0
365326,365289.0,365362.0
365473,365435.0,365510.0
365617,365580.0,365653.0
365763,365726.0,365800.0
365906,365869.0,365942.0
366052,366015.0,366089.0
366195,366158.0,366304.0
366341,367736.0,367889.0
366482,367736.0,367889.0
366625,367736.0,367889.0
366771,367736.0,367889.0
366914,367736.0,367889.0
367060,367736.0,367889.0
367201,367736.0,367889.0
367346,367736.0,367889.0
367489,367736.0,367889.0
368626,368594.0,368664.0
368771,368732.0,368811.0
368914,368877.0,368951.0
369055,369019.0,369091.0
369197,369161.0,369234.0
369340,369304.0,369377.0
369482,369446.0,369519.0
369628,369590.0,369664.0
369772,369736.0,369810.0
369916,369879.0,369952.0
370062,370025.0,370098.0
370207,370170.0,370244.0
370354,370317.0,370391.0
370503,370465.0,370614.0
370641,370690.0,370771.0
371008,371071.0,371163.0
371262,371288.0,371377.0
371411,371485.0,371602.0
371713,371735.0,371840.0
371877,371960.0,372060.0
372168,372136.0,372192.0
372332,372285.0,372371.0
372459,372416.0,372514.0
372613,372577.0,372671.0
372778,372730.0,372822.0
372915,372882.0,372929.0
373064,373026.0,373102.0
373213,373176.0,373250.0
373367,373328.0,373404.0
373518,373480.0,373555.0
373670,373632.0,373708.0
373822,373784.0,373860.0
373975,373937.0,374013.0
374125,374087.0,374162.0
374275,374237.0,374312.0
374428,374389.0,374465.0
374580,374542.0,374618.0
374732,374694.0,374770.0
374885,374847.0,374923.0
375037,374999.0,375075.0
375186,375149.0,375223.0
375338,375300.0,375376.0
375490,375452.0,375528.0
375643,375605.0,375680.0
375797,375758.0,375834.0
375951,375912.0,375988.0
376106,376067.0,376144.0
376258,376220.0,376296.0
376410,376372.0,376448.0
376559,376522.0,376596.0
376711,376673.0,376749.0
376863,376825.0,376901.0
377012,376975.0,377049.0
377166,377127.0,377203.0
377318,377280.0,377356.0
377471,377433.0,377508.0
377627,377588.0,377665.0
377781,377742.0,377818.0
377939,377900.0,377977.0
378096,378057.0,378133.0
378254,378215.0,378292.0
378414,378374.0,378452.0
378578,378537.0,378616.0
378741,378701.0,378780.0
378908,378867.0,378947.0
379070,379030.0,379108.0
379418,379358.0,379448.0
379564,379524.0,379602.0
379727,379687.0,379765.0
379885,379846.0,379923.0
380047,380007.0,380085.0
380210,380170.0,380249.0
380373,380333.0,380411.0
380533,380493.0,380571.0
380695,380655.0,380733.0
380857,380817.0,380895.0
381016,380977.0,381054.0
381172,381133.0,381210.0
381328,381289.0,381366.0
381484,381445.0,381522.0
381637,381599.0,381675.0
381787,381749.0,381824.0
381939,381901.0,381977.0
382090,382052.0,382127.0
382238,382201.0,382275.0
382550,382617.0,382718.0
382683,382617.0,382718.0
382843,382808.0,382866.0
383140,383250.0,383346.0
383287,383250.0,383346.0
383439,383389.0,383473.0
383585,383534.0,383620.0
383733,383701.0,383767.0
384308,384427.0,384512.0
384766,384731.0,384798.0
384910,384873.0,384946.0
385057,385019.0,385094.0
385203,385166.0,385240.0
385348,385312.0,385386.0
385492,385455.0,385528.0
385638,385601.0,385674.0
385783,385746.0,385820.0
385928,385892.0,385965.0
386074,386037.0,386111.0
386221,386184.0,386258.0
386363,386327.0,386400.0
386512,386474.0,386550.0
386656,386620.0,386693.0
386802,386764.0,386838.0
386950,386912.0,386987.0
387096,387059.0,387133.0
387242,387205.0,387279.0
387393,387354.0,387430.0
387545,387507.0,387583.0
387697,387659.0,387735.0
387850,387812.0,387887.0
388006,387967.0,388044.0
388162,388123.0,388200.0
388318,388279.0,388356.0
388473,388435.0,388511.0
388627,388588.0,388664.0
388779,388741.0,388817.0
388930,388892.0,388967.0
389080,389042.0,389117.0
389231,389193.0,389268.0
389380,389342.0,389417.0
389528,389490.0,389565.0
389676,389639.0,389713.0
389824,389788.0,389917.0
390141,390206.0,390306.0
390592,390525.0,390627.0
390706,390723.0,390813.0
390841,390960.0,391030.0
390998,390960.0,391030.0
391144,391106.0,391174.0
391289,391253.0,391326.0
391444,391396.0,391514.0
391575,391617.0,391757.0
391670,391617.0,391757.0
391853,391871.0,391977.0
392015,392264.0,392333.0
392301,392264.0,392333.0
392451,392413.0,392482.0
392606,392567.0,392644.0
392760,392721.0,392797.0
392914,392875.0,392951.0
393070,393031.0,393108.0
393226,393188.0,393272.0
393537,393502.0,393571.0
393692,393654.0,393730.0
393846,393808.0,393883.0
394000,393961.0,394071.0
394475,394428.0,394528.0
394777,394730.0,394814.0
395089,395041.0,395137.0
395227,395310.0,395409.0
395529,395476.0,395564.0
395832,395774.0,395856.0
396003,395934.0,396027.0
396277,396239.0,396293.0
396404,396363.0,396454.0
396580,396538.0,396683.0
396734,396818.0,396880.0
396861,396818.0,396880.0
397032,396997.0,397067.0
397335,397353.0,397452.0
397489,397607.0,397684.0
397647,397607.0,397684.0
397803,397764.0,397841.0
397961,397922.0,397999.0
398117,398078.0,398155.0
398275,398236.0,398395.0
398434,399181.0,399339.0
398590,399181.0,399339.0
398746,399181.0,399339.0
398906,399181.0,399339.0
399064,399181.0,399339.0
399221,399181.0,399339.0
399375,399594.0,399706.0
402283,402325.0,402455.0
403417,403470.0,403584.0
404036,404157.0,404234.0
404199,404157.0,404234.0
404365,404324.0,404400.0
404531,404490.0,404569.0
404697,404656.0,404736.0
404860,404820.0,404899.0
405024,404984.0,405063.0
405188,405148.0,405226.0
405351,405311.0,405390.0
405512,405472.0,405550.0
405676,405635.0,405714.0
405836,405796.0,405874.0
405996,405956.0,406034.0
406154,406115.0,406192.0
406311,406272.0,406349.0
406467,406428.0,406505.0
406625,406586.0,406663.0
406781,406742.0,406819.0
406939,406900.0,406977.0
407098,407059.0,407136.0
407258,407218.0,407296.0
407418,407378.0,407456.0
407578,407538.0,407616.0
407742,407701.0,407780.0
407900,407861.0,407938.0
408063,408022.0,408101.0
408223,408183.0,408261.0
408385,408345.0,408423.0
408547,408507.0,408585.0
408710,408670.0,408749.0
408871,408831.0,408909.0
409033,408993.0,409071.0
409195,409155.0,409233.0
409358,409318.0,409397.0
409519,409480.0,409558.0
409682,409642.0,409720.0
409848,409807.0,409886.0
410014,409973.0,410052.0
410180,410139.0,410305.0
410346,410646.0,410727.0
410518,410646.0,410727.0
410689,410646.0,410727.0
411027,411108.0,411204.0
411258,411331.0,411481.0
413879,413801.0,413932.0
414367,414295.0,414418.0
416259,416308.0,416389.0
416522,416482.0,416560.0
416696,416654.0,416732.0
416869,416827.0,416908.0
417042,417000.0,417082.0
417215,417173.0,417254.0
417385,417343.0,417424.0
417555,417513.0,417594.0
417725,417683.0,417764.0
417897,417855.0,417936.0
418065,418025.0,418108.0
418216,418153.0,418280.0
419088,419131.0,419232.0
419251,419513.0,419642.0
419439,419513.0,419642.0
420589,420642.0,420741.0
420761,420803.0,420900.0
421270,421295.0,421404.0
421593,421627.0,421742.0
421759,421781.0,421906.0
422911,422960.0,423087.0
423034,422960.0,423087.0
423721,423690.0,423840.0
423909,424085.0,424162.0
424067,424085.0,424162.0
424391,424417.0,424558.0
424942,424856.0,425008.0
425222,425318.0,425385.0
425396,425591.0,425697.0
426071,426094.0,426160.0
426277,426287.0,426369.0
426449,426508.0,426631.0
427850,427749.0,427920.0
429140,429194.0,429323.0
429805,429808.0,429891.0
430126,430197.0,430277.0
430297,430405.0,430509.0
430475,430405.0,430509.0
430640,430600.0,430702.0
431137,431099.0,431202.0
431633,431592.0,431671.0
431803,431761.0,431842.0
431971,431930.0,432010.0
432141,432099.0,432180.0
432309,432268.0,432348.0
432475,432434.0,432513.0
432645,432603.0,432684.0
432811,432770.0,432850.0
432974,432934.0,433013.0
433135,433095.0,433173.0
433299,433258.0,433337.0
433462,433422.0,433501.0
433629,433588.0,433668.0
433792,433752.0,433831.0
433959,433918.0,434022.0
434123,434090.0,434194.0
434457,434420.0,434493.0
434648,434585.0,434686.0
434811,434757.0,434841.0
435156,435117.0,435235.0
435513,435452.0,435542.0
435848,435807.0,435923.0
436192,436138.0,436240.0
436353,436313.0,436404.0
436524,436478.0,436583.0
436704,436660.0,436735.0
436863,436809.0,436932.0
437051,436992.0,437081.0
437202,437166.0,437254.0
437378,437343.0,437411.0
437556,437525.0,437626.0
438242,438210.0,438262.0
438422,438372.0,438455.0
438774,438731.0,438814.0
438952,438909.0,438992.0
439130,439087.0,439170.0
439308,439265.0,439348.0
439488,439444.0,439528.0
439667,439624.0,439707.0
439847,439804.0,439888.0
440027,439983.0,440067.0
440204,440161.0,440244.0
440387,440343.0,440427.0
440563,440520.0,440602.0
440738,440695.0,440777.0
440911,440869.0,440951.0
441088,441045.0,441127.0
441264,441221.0,441303.0
441437,441395.0,441477.0
441607,441567.0,441735.0
441952,441966.0,442046.0
442147,442137.0,442204.0
442306,442340.0,442449.0
443025,442968.0,443077.0
443176,443137.0,443214.0
443703,443707.0,443771.0
443840,443980.0,444102.0
444085,443980.0,444102.0
444115,444218.0,444319.0
444372,444475.0,444551.0
444516,444475.0,444551.0
444684,444643.0,444720.0
444850,444809.0,444888.0
445016,444975.0,445054.0
445182,445141.0,445220.0
445350,445309.0,445389.0
445516,445475.0,445554.0
445684,445643.0,445723.0
445850,445809.0,445895.0
446016,445978.0,446053.0
446183,446141.0,446222.0
446348,446306.0,446390.0
446514,446475.0,446557.0
446682,446643.0,446721.0
446848,446809.0,446890.0
447017,446980.0,447063.0
447187,447144.0,447223.0
447350,447309.0,447388.0
447518,447477.0,447557.0
447686,447645.0,447725.0
447852,447811.0,447890.0
448018,447977.0,448056.0
448184,448143.0,448223.0
448347,448307.0,
448514,,
448680,,
448843,,
449007,,
449170,,
449333,,
449496,,
449658,,
449820,,
449981,,
